stock,Beta
AA,0.739584097
AXP,0.103727496
BA,-0.323301604
BAC,0.953573068
CAT,0.499187968
CSCO,-0.458711746
CVX,0.212863635
DD,0.235598392
DIS,0.322597623
GE,-0.04489101
HD,0.054189717
HPQ,0.843720121
IBM,-0.240438133
INTC,-0.906305097
JNJ,-0.216693485
JPM,0.452017275
KRFT,-0.130219271
KO,-0.141737767
MCD,-0.32332627
MMM,-0.115868097
MRK,-0.308205382
MSFT,-0.495218496
PFE,0.554706919
PG,-0.000761005
T,0.096033757
TRV,0.32334686
UTX,-0.362036409
VZ,-0.010541529
WMT,-0.114597483
XOM,-0.003781148
